name,album,artist,release_date,length,mode,danceability,acousticness,energy,instrumentalness,liveness,loudness,speechiness,tempo,time_signature,valence,answer
Keepin',Juice,iri,2018/2/28,250200,0,0.735,0.0801,0.746,0,0.0653,-4.733,0.166,124.97,4,0.699,evening
Rock With You,"HIStory - PAST, PRESENT AND FUTURE - BOOK I",Michael Jackson,1995/6/16,220040,1,0.793,0.0794,0.741,0.00029,0.116,-6.494,0.0393,114.489,4,0.856,evening
comrade,DAPPER,SOIL & “PIMP” SESSIONS,2018/5/9,275733,1,0.685,0.402,0.722,0.00000555,0.0682,-5.696,0.0742,90.149,4,0.826,evening
That's My Baby,RIRI,RIRI,2018/2/14,195693,1,0.7,0.21,0.732,0,0.38,-3.967,0.0399,104.963,4,0.636,evening
ユメマカセ,ユメマカセ,SOIL & “PIMP” SESSIONS,2017/8/23,227420,0,0.686,0.133,0.717,0.00000176,0.347,-6.583,0.173,89.964,4,0.708,evening
東京ピエロ,White,Ohashi Trio,2012/9/19,331466,0,0.685,0.363,0.545,0.0000309,0.282,-6.432,0.0281,112.993,4,0.561,evening
半疑じゃない,Groove it,iri,2016/10/26,245080,0,0.715,0.119,0.688,0,0.107,-6.032,0.0315,106.981,4,0.552,evening
Goodbye to Your Love,IN YA MELLOW TONE 12,Various Artists,2016/5/18,280418,0,0.534,0.253,0.708,0.000299,0.152,-3.781,0.0538,87.863,4,0.863,evening
That's What I Like,24K Magic,Bruno Mars,2016/11/17,206693,1,0.853,0.013,0.56,0,0.0944,-4.961,0.0406,134.066,4,0.86,evening
Gun,The SHOW,LUCKY TAPES,2015/8/5,340506,1,0.681,0.102,0.594,0.00245,0.0504,-6.027,0.0508,89.993,4,0.938,evening
NEW ERA,NEW ERA,Nulbarich,2016/9/21,279000,0,0.614,0.043,0.759,0,0.121,-3.692,0.072,98.086,4,0.659,evening
What You Won't Do for Love,Indian Summer,Go West,1992/11/14,266800,0,0.59,0.293,0.803,0.0000149,0.0691,-7.088,0.0485,169.127,4,0.809,evening
Bounce Back,Juve The Great,JUVENILE,2003/1/1,253653,1,0.839,0.0721,0.945,0.0000377,0.118,-4.95,0.348,167.128,4,0.81,evening
ain't on the map yet,ain't on the map yet,Nulbarich,2018/2/21,272333,1,0.635,0.0417,0.823,0,0.225,-4.846,0.163,103.024,4,0.658,evening
Just the Two of Us,Winelight,"Grover Washington, Jr.",1980,443773,0,0.743,0.447,0.429,0.362,0.0455,-14.576,0.0902,95.406,4,0.597,evening
TOUCH,PLAY,Taichi Mukai,2017/8/23,184507,0,0.561,0.326,0.698,0,0.15,-7.188,0.105,146.049,4,0.506,evening
"CAN'T STOP THE FEELING! (from DreamWorks Animation's ""TROLLS"")",TROLLS (Original Motion Picture Soundtrack),Trolls,2016/9/23,237546,1,0.669,0.0106,0.832,0,0.0968,-5.721,0.0682,113.035,4,0.7,evening
Cruisin’ Cruisin’,23区,bonobos,2016/9/21,324026,0,0.648,0.615,0.533,0.00453,0.106,-8.26,0.0702,88.018,4,0.596,evening
What You Won't Do For Love,Bobby Caldwell,Bobby Caldwell,1978,285765,1,0.587,0.625,0.611,0.00337,0.243,-9.263,0.0878,83.902,4,0.779,evening
Lonely Lonely,dressing,LUCKY TAPES,2018/10/3,192266,1,0.554,0.117,0.756,0.00000865,0.153,-3.434,0.0716,184.046,4,0.819,evening
Answer,PURE,Taichi Mukai,2018/11/28,212159,0,0.701,0.0503,0.756,0,0.327,-4.404,0.0847,103.949,4,0.594,evening
Real Love - Kai Takahashi remix,Real Love (Kai Takahashi remix),Mizuki Ohira,2018/5/16,235375,1,0.826,0.402,0.611,0.000374,0.107,-3.292,0.0404,119.004,4,0.606,evening
Do Well,SIRUP EP2,SIRUP,2018/8/1,205237,1,0.78,0.131,0.723,0.00011,0.144,-8.365,0.0887,116.01,4,0.478,evening
Miree,THE BAY,Suchmos,2015/7/8,242600,0,0.717,0.0225,0.688,0,0.107,-5.886,0.027,124.015,4,0.715,evening
HUSH,MAKUAKE,eill,2018/10/3,223529,0,0.718,0.378,0.56,0,0.0761,-4.002,0.0404,97.95,4,0.688,evening
FLY,PLAY,Taichi Mukai,2017/8/23,200288,0,0.782,0.269,0.715,0,0.131,-7.124,0.0674,116.969,4,0.788,evening
High Times,Time Line,THREE1989,2017/8/23,226746,1,0.784,0.00826,0.747,0.00126,0.309,-5.058,0.0434,120.798,4,0.632,evening
Sunshine,Too Much Is Never Enough,FIVE NEW OLD,2018/1/31,203026,0,0.572,0.0405,0.852,0,0.332,-3.666,0.0881,180.156,4,0.777,evening
#goodday,Mellow Yellow,SPiCYSOL,2018/7/4,276366,1,0.81,0.139,0.65,0,0.118,-6.409,0.0756,93.999,4,0.392,evening
VOICE,Blank Envelope,Nulbarich,2019/2/6,245066,1,0.466,0.156,0.87,0,0.149,-3.455,0.419,205.707,4,0.508,evening
Magic!,k is s,Kan Sano,2016/12/7,292069,1,0.765,0.0671,0.924,0.0942,0.0631,-3.17,0.0442,111.997,4,0.812,evening
SWIM,FEEL GOOD,SIRUP,2019/5/29,243933,1,0.645,0.488,0.584,0,0.104,-5.889,0.1,87.853,4,0.861,evening
パスワード,"M-P-C ""Mentality, Physicality, Computer""",Tomita Lab.,2018/10/3,272666,0,0.691,0.519,0.759,0.000211,0.106,-6.516,0.0836,82,4,0.808,evening
SIST,Mellow Yellow,SPiCYSOL,2018/7/4,189966,0,0.748,0.0312,0.762,0.0881,0.102,-5.54,0.0401,115.006,4,0.862,evening
Punch Drunk Love,dressing,LUCKY TAPES,2018/10/3,214733,1,0.778,0.0333,0.624,0.0000344,0.0993,-4.823,0.0322,109.964,4,0.633,evening
UNIVERSE,Time Line,THREE1989,2017/8/23,253826,1,0.67,0.00996,0.806,0.00000215,0.0363,-4.688,0.0597,100.99,4,0.786,evening
LIFE,LIFE,Mondo Grosso,2000/5/24,555093,0,0.732,0.0234,0.855,0.00618,0.193,-9.74,0.0537,124.712,4,0.845,evening
Salve feat. JJJ,Salve,KID FRESINO,2017/1/23,209386,0,0.686,0.188,0.586,0.0000305,0.128,-7.33,0.0928,97.117,4,0.728,evening
Summer Soul,Obscure Ride,cero,2015/5/27,338026,1,0.744,0.664,0.566,0.105,0.144,-7.167,0.0885,95.017,4,0.68,evening
Megami No Kiss,Megami No Kiss,PES,2012/5/30,293840,1,0.606,0.0109,0.952,0.0000111,0.154,-3.775,0.0429,99.98,4,0.839,evening
Super Sonic,Blank Envelope,Nulbarich,2019/2/6,219066,0,0.809,0.0511,0.735,0.0066,0.0771,-5.636,0.0764,113.03,4,0.418,evening
摩天楼バタフライ,Blue,Ohashi Trio,2017/2/15,318413,0,0.74,0.452,0.6,0.0182,0.232,-7.55,0.0811,90.026,4,0.931,evening
Sun Goddess,The Columbia Anthology (1972-1989),Ramsey Lewis,2018/2/23,507546,1,0.538,0.142,0.784,0.0923,0.0803,-12.66,0.0461,92.525,4,0.529,evening
LOOP,SIRUP EP2,SIRUP,2018/8/1,306103,1,0.688,0.2,0.401,0.000134,0.109,-9.132,0.0677,79.993,4,0.24,evening
Future Is Born,ダンサブル,RHYMESTER,2017/9/6,275213,0,0.831,0.039,0.838,0,0.0406,-3.876,0.107,119.984,4,0.958,evening
Cruisin',Dream,Shin Sakiura,2019/1/23,193340,1,0.697,0.265,0.687,0,0.103,-5.455,0.0402,103.962,4,0.364,evening
丸の内サディスティック,Love & Groove Delivery,UNCHAIN,2013/3/27,243846,1,0.568,0.107,0.924,0,0.344,-3.824,0.0586,101.935,4,0.707,evening
曖 (feat. ØZI),希遊記,Shi Shi,2018/10/31,206671,0,0.681,0.264,0.696,0,0.275,-6.053,0.0467,114.056,4,0.698,evening
Ring Ring Ring,Blank Envelope,Nulbarich,2019/2/6,213933,1,0.601,0.0707,0.606,0.000139,0.0717,-7.575,0.347,180.284,4,0.605,evening
別れのベル,Turn Off The Light,Daichi Miura,2011/8/24,295133,0,0.574,0.29,0.709,0,0.206,-4.024,0.0335,175.951,4,0.549,evening
Synapse,FEEL GOOD,SIRUP,2019/5/29,204400,1,0.795,0.279,0.502,0,0.134,-8.488,0.29,115.085,4,0.625,evening
Yes & No,Cry & Fight,Daichi Miura,2016/3/30,215480,1,0.859,0.179,0.714,0,0.0797,-5.217,0.188,140.024,4,0.695,evening
One feat. JQ from Nulbarich,One feat. JQ from Nulbarich,KREVA,2019/8/5,296095,1,0.35,0.195,0.805,0,0.0944,-5.118,0.264,181.4,4,0.449,evening
A GIRL IN THE CITY,FUTURE,I Don't Like Mondays.,2019/8/21,224906,1,0.809,0.216,0.626,0.000015,0.117,-5.898,0.0609,92.008,4,0.809,evening
She's Gettin' Married,She's Gettin' Married,Yu Sakai,2019/9/18,276146,0,0.604,0.066,0.869,0.0000112,0.289,-4.1,0.0794,99.997,4,0.794,evening
ピエロチック,Coming Up Roses,Yu Sakai,2014/1/15,293373,0,0.608,0.594,0.715,0.0000663,0.27,-8.361,0.0524,88.138,4,0.712,evening
KISS,KISS,CRCK/LCKS,2019/10/4,218838,1,0.692,0.372,0.722,0.0011,0.126,-7.029,0.0449,103.048,4,0.734,evening
Goodbye To The System,Say Hello to My Minions 2,SKY-HI,2019/8/30,215480,1,0.777,0.385,0.618,0.00000147,0.0988,-6.512,0.0512,135.952,4,0.66,evening
ONE THING feat. SALU,ONE THING feat. SALU,I Don't Like Mondays.,2018/7/16,228654,1,0.79,0.0917,0.693,0,0.055,-5.164,0.0407,115.058,4,0.734,evening
Holiday,Pavlov City,Emerald,2017/10/18,232626,0,0.491,0.176,0.75,0.00524,0.0643,-6.246,0.0503,89.83,4,0.598,evening
Ain't Nobody Know,Same Thing,Gen Hoshino,2019/10/14,211533,0,0.875,0.538,0.35,0.00000944,0.102,-5.826,0.0626,120,4,0.565,evening
SPOTLIGHT,SPOTLIGHT,eill,2019/10/23,221386,1,0.638,0.0269,0.735,0,0.0603,-4.635,0.0873,99.964,4,0.628,evening
Turning Up,Turning Up,ARASHI,2019/11/3,182633,1,0.769,0.0225,0.817,0.00000103,0.244,-5.409,0.103,118.021,4,0.896,evening
東京フラッシュ,東京フラッシュ,Vaundy,2019/11/29,258367,1,0.632,0.003,0.665,0.000026,0.0642,-4.911,0.0326,97.985,4,0.601,evening
I LOVE...,I LOVE...,Official HIGE DANdism,2020/2/12,282026,1,0.54,0.0171,0.706,0,0.225,-5.235,0.0543,172.021,4,0.385,evening
I LOVE... - Instrumental,I LOVE...,Official HIGE DANdism,2020/2/12,279066,1,0.545,0.0000852,0.538,0.664,0.2,-8.635,0.0466,171.991,4,0.183,evening
I LOVE...,I LOVE...,Official HIGE DANdism,2020/2/12,282026,1,0.54,0.0171,0.706,0,0.225,-5.235,0.0543,172.021,4,0.385,evening
Flash,BLU-SWING 10th ANNIVERSARY BEST,Blu-Swing,2019/5/8,265533,1,0.63,0.02,0.894,0.000143,0.0385,-3.933,0.0767,125.047,4,0.67,evening
Stay There,Stay There,Brasstracks,2018/6/15,264937,1,0.645,0.117,0.67,0.000019,0.387,-5.477,0.0504,128.834,4,0.379,evening
Night Drivin',NBCP,Neighbors Complain,2017/7/26,286430,1,0.71,0.0623,0.657,0.0000391,0.327,-9.98,0.0351,119.998,4,0.911,evening
Continue..?(feat. Jinmenusagi),WAVE,Neighbors Complain,2020/1/8,225900,1,0.797,0.288,0.631,0,0.0599,-6.352,0.0446,99.958,4,0.564,evening
Kiss'N'You,NBCP,Neighbors Complain,2017/7/26,217778,0,0.775,0.535,0.366,0.000359,0.109,-11.383,0.0586,93.018,4,0.751,evening
何なんw,HELP EVER HURT NEVER,Fujii Kaze,2020/5/20,320640,1,0.633,0.394,0.729,0.000164,0.144,-7.113,0.13,89.851,4,0.69,evening
now,too close to know,showmore,2019/12/18,254362,1,0.704,0.229,0.528,0.00000863,0.255,-7.995,0.119,97.83,4,0.709,evening
アンビバレンス,アンビバレンス,Awesome City Club,2020/1/15,199314,1,0.78,0.0188,0.628,0,0.321,-7.321,0.0314,113.023,4,0.517,evening
アンビバレンス,アンビバレンス,Awesome City Club,2020/1/15,199314,1,0.78,0.0188,0.628,0,0.321,-7.321,0.0314,113.023,4,0.517,evening
What's Next,Mysterious Superheroes,H ZETTRIO,2018/3/7,288520,1,0.214,0.0623,0.871,0.946,0.331,-6.735,0.0395,156.102,4,0.585,evening
TOKYO NITE,MATOUSIC,竹内アンナ,2020/3/18,254200,0,0.748,0.356,0.717,0.000169,0.13,-6.577,0.161,88.96,4,0.838,evening
RIDE ON WEEKEND,MATOUSIC,竹内アンナ,2020/3/18,291833,1,0.627,0.108,0.812,0,0.365,-5.091,0.0328,118.039,4,0.717,evening
Plastic Love,Plastic Love,Friday Night Plans,2018/12/5,275891,1,0.833,0.64,0.618,0.00205,0.0969,-8.932,0.0564,103.507,4,0.863,evening
Fall in love with you in every 4AM.,LOCATION - Los Angeles,Friday Night Plans,2018/8/31,176354,1,0.816,0.0621,0.494,0.0000605,0.0999,-9.827,0.0426,116.973,4,0.336,evening
DOCUMENT,NOT IN ALMIGHTY,TENDRE,2018/10/24,280084,1,0.837,0.469,0.521,0.0476,0.116,-6.083,0.0396,112.015,4,0.699,evening
Rambling Rose,KISS,THREE1989,2019/2/13,320328,1,0.68,0.433,0.282,0.0391,0.262,-10.438,0.0377,110.895,3,0.368,evening
Week End,YELLOW DANCER,Gen Hoshino,2015/12/2,270466,1,0.715,0.0426,0.762,0.00000667,0.284,-6.9,0.0727,132.998,4,0.73,evening
7月24日,7月24日,Nubiyan Twist,2020/5/22,216346,1,0.512,0.285,0.739,0.252,0.145,-7.933,0.0709,134.77,4,0.446,evening
フラッシュバック,Champagne Royale,Masayuki Suzuki,2007/3/7,312333,0,0.67,0.35,0.663,0.000244,0.268,-6.308,0.0848,90.021,4,0.602,evening
Coaster,Sparkle,iri,2020/3/25,263026,1,0.754,0.0554,0.711,0,0.115,-5.188,0.0423,120.009,4,0.824,evening
MR.CLEVER,MR.CLEVER,I Don't Like Mondays.,2020/9/23,215677,0,0.776,0.0974,0.881,0,0.125,-3.233,0.0502,119.03,4,0.874,evening
中央フリーウェイ,14番目の月,Yumi Arai,1976/11/20,219466,0,0.637,0.209,0.675,0.00348,0.115,-8.357,0.0272,102.312,4,0.65,evening
Sweetest Berry,Criterion Of The Senses,Ed Motta,2018/9/21,225946,1,0.674,0.608,0.569,0.0000436,0.216,-9.646,0.054,170.03,4,0.826,evening
TOKYO BEAT,TOKYO BEAT,Cafe Music BGM channel,2017/11/22,221854,1,0.789,0.088,0.383,0.861,0.0696,-11.901,0.0404,89.011,4,0.71,evening
Need You Bad,CIY,SIRUP,2020/3/25,241013,0,0.672,0.033,0.632,0.00237,0.111,-6.278,0.121,175.994,4,0.898,evening
Low Key,MIST,RUNG HYANG,2020/9/30,217000,1,0.709,0.654,0.318,0.000196,0.101,-10.69,0.0363,119.888,4,0.362,evening
Alright - mabanua Remix,Alright (mabanua Remix),Kenta Dedachi,2020/7/15,218973,1,0.733,0.328,0.647,0.0000298,0.234,-5.543,0.245,93.822,4,0.795,evening
Every One Minute,Every One Minute,MONONKVL,2020/10/7,210276,1,0.757,0.255,0.614,0,0.052,-6.092,0.115,106.022,4,0.639,evening
ENTERTAINER,ENTERTAINER,I Don't Like Mondays.,2020/10/28,191867,0,0.719,0.0522,0.705,0,0.0559,-5.375,0.0503,102.983,4,0.919,evening
Honey Flavor,SIGNAL,SPiCYSOL,2017/5/10,235160,0,0.701,0.316,0.604,0.0000306,0.0936,-7.618,0.0282,106.014,4,0.856,evening
Saturday(20th Anniversary Vintage),all time classics,paris match,2019/12/11,320826,1,0.697,0.515,0.795,0.0000281,0.0695,-5.289,0.076,115.032,4,0.818,evening
銀のセダンと時間の鍵盤,all time classics,paris match,2019/12/11,320306,1,0.754,0.624,0.732,0.000659,0.0796,-7.453,0.0315,98.039,4,0.897,evening
Pop Virus,POP VIRUS,Gen Hoshino,2018/12/19,182000,1,0.629,0.0339,0.441,0,0.234,-4.614,0.126,78.177,4,0.782,evening
Kataomoi,daydream,Aimer,42634,207360,1,0.621,0.78,0.533,0,0.333,-5.974,0.0342,96.981,4,0.791,morning
君の恋人になったら,ハッピーエンド,back number,42690,244066,1,0.417,0.00166,0.886,0,0.125,-2.06,0.0655,140.075,4,0.393,morning
"10,000 Hours (with Justin Bieber)","10,000 Hours (with Justin Bieber)",Dan + Shay,43742,167693,1,0.654,0.153,0.63,0,0.111,-4.644,0.0259,89.991,4,0.43,morning
Don't Wanna Know,The Way I Used to Love You,I Don't Wanna Know,42833,206009,0,0.688,0.617,0.718,0.0000159,0.116,-5.986,0.0527,134.151,5,0.538,morning
Shape of You,÷ (Deluxe),Ed Sheeran,42797,233712,0,0.825,0.581,0.652,0,0.0931,-3.183,0.0802,95.977,4,0.931,morning
2002,Speak Your Mind (Deluxe),Anne-Marie,43217,186986,0,0.697,0.0372,0.683,0,0.137,-2.881,0.117,96.133,4,0.603,morning
Stand Out Fit In,Eye of the Storm,ONE OK ROCK,43509,214546,1,0.625,0.0291,0.839,0,0.141,-5.255,0.0386,126.023,4,0.34,morning
Love Yourself,Mega Hits 2021,Various Artists,44225,232626,1,0.759,0.86,0.401,0,0.299,-8.999,0.259,100.126,4,0.576,morning
Life Goes On,BE,BTS,44155,207481,1,0.566,0.00691,0.716,0,0.37,-5.733,0.0424,81.068,4,0.45,morning
いいんですか?,RADWIMPSのはじまりはじまりのまとめ,RADWIMPS,42515,248186,1,0.477,0.00386,0.845,0,0.0836,-3.975,0.0435,174.865,4,0.882,morning
Chika,Heard that there's good pasta,Aimyon,44083,187333,1,0.689,0.0577,0.877,0.00000951,0.247,-3.978,0.0415,97.026,4,0.856,morning
Because of you,FLY,Shota Shimizu,42914,195506,1,0.647,0.615,0.4,0,0.351,-7.997,0.0422,95.923,4,0.596,morning
いつか,カントリーロード,Saucy Dog,42879,274871,1,0.603,0.0941,0.509,0,0.201,-4.535,0.0263,79.989,4,0.445,morning
ME! (feat. Brendon Urie of Panic! At The Disco),Lover,Taylor Swift,43700,193000,1,0.61,0.033,0.83,0,0.118,-4.105,0.0571,182.162,4,0.728,morning
If I Can't Have You,If I Can't Have You,Shawn Mendes,43588,190800,1,0.692,0.524,0.809,0,0.147,-4.198,0.0602,123.911,4,0.864,morning
At My Worst,The Prelude,Pink Sweat$,44029,170344,1,0.813,0.777,0.415,0,0.131,-5.926,0.0349,91.921,4,0.667,morning
Blueming,Love poem,IU,43787,217053,1,0.819,0.0849,0.674,0,0.0667,-3.145,0.0587,106.032,4,0.682,morning
Everytime,Descendants Of The Sun Pt.2 (Original Television Soundtrack),CHEN,42425,189355,1,0.514,0.483,0.736,0,0.18,-4.364,0.0321,90.002,4,0.495,morning
ハルカ,THE BOOK,YOASOBI,44202,243613,1,0.712,0.0717,0.817,0.00000721,0.146,-5.123,0.0279,100.016,4,0.679,morning
何なんw,HELP EVER HURT NEVER,Fujii Kaze,43971,320640,1,0.633,0.394,0.729,0.000164,0.144,-7.113,0.13,89.851,4,0.69,morning
Coffee,"O!RUL8,2?",BTS,41528,261453,1,0.652,0.00808,0.794,0,0.298,-6.604,0.0957,92.045,4,0.545,morning
Like,2 COOL 4 SKOOL,BTS,41437,231893,0,0.738,0.3,0.729,0,0.257,-4.173,0.071,100.95,4,0.764,morning
ONE IN A MILLION,TWICEcoaster : LANE2,TWICE,42787,175256,1,0.599,0.146,0.732,0,0.204,-2.468,0.0324,89.87,4,0.424,morning
花占い,花占い,Vaundy,44382,207555,0,0.662,0.0141,0.789,0,0.317,-7.634,0.0305,135.01,4,0.881,morning
As Always,3rd Album [Soundz],Ra.D,41844,198424,1,0.659,0.14,0.659,0,0.286,-6.623,0.0493,101.917,4,0.303,morning
Hold On,Justice,Justin Bieber,44274,170813,0,0.658,0.0104,0.634,0,0.12,-6.068,0.0431,140.002,4,0.302,morning
smile again,everything means nothing,blackbear,44064,149253,1,0.68,0.597,0.423,0,0.371,-6.279,0.0321,85.042,4,0.686,morning
Mama,WINGS,BTS,42653,212253,0,0.544,0.000222,0.744,0.0000166,0.0796,-4.795,0.219,185.996,4,0.437,morning
Good day,REAL,IU,40521,233586,1,0.637,0.165,0.882,0,0.0981,-3.034,0.0654,128.027,4,0.552,morning
ラベンダー,ラベンダー / ガールフレンド,the shes gone,44342,310066,1,0.602,0.0854,0.557,0,0.247,-4.872,0.0256,86.011,4,0.582,morning
花人局,盗作,ヨルシカ,44041,332373,1,0.73,0.259,0.754,0.000324,0.239,-4.925,0.0296,124.995,4,0.705,morning
One of a Kind,To Belonging,Sam Ock,44008,219702,1,0.892,0.571,0.393,0,0.132,-5.633,0.196,88.986,4,0.825,morning
Loveable,A Love So Beautiful OST Part.2,SinB,44214,251973,1,0.689,0.679,0.676,0,0.117,-4.11,0.0544,95.116,4,0.341,morning
世界の秘密,世界の秘密,Vaundy,44192,221250,0,0.683,0.142,0.53,0,0.0978,-6.749,0.0614,159.969,4,0.823,morning
シャワーとコンセント,どうしたって伝えられないから,aiko,44258,313173,0,0.502,0.00685,0.862,0.00274,0.169,-4.966,0.0726,161.898,4,0.564,morning
Stay With Me,"Guardian (Original Television Soundtrack), Pt. 1",CHANYEOL,42707,192441,0,0.558,0.431,0.526,0,0.126,-4.686,0.033,124.709,4,0.202,morning
BBIBBI,BBIBBI,IU,43383,194426,1,0.839,0.241,0.617,0,0.3,-4.692,0.331,143.894,4,0.821,morning
常緑,常緑,Chippoke Ohashi,44440,171546,1,0.725,0.0242,0.75,0,0.101,-5.694,0.0772,101.19,4,0.888,morning
Koiwazurai,Sun Dance,Aimer,43564,235160,1,0.675,0.3,0.5,0,0.312,-5.825,0.0258,93.917,4,0.773,morning
imagine if,we,Garrett Nash,43476,197216,1,0.907,0.568,0.452,0,0.244,-6.673,0.187,92.063,4,0.691,morning
Truthfully,DNCE,DNCE,42692,182653,1,0.723,0.32,0.643,0,0.332,-6.861,0.0351,102.015,4,0.548,morning
comethru (with Bea Miller),comethru,Jeremy Zucker,43539,181626,1,0.757,0.572,0.192,0,0.606,-11.842,0.0515,94.024,4,0.595,morning
From now on,"Weightlifting Fairy Kim Bok Joo (Original Television Soundtrack, Pt. 2)",Vincent Blue,42697,190173,1,0.641,0.157,0.729,0.000374,0.121,-5.577,0.0468,184.059,4,0.749,morning
You&I,"Weightlifting Fairy Kim Bok Joo (Original Television Soundtrack, Pt. 1)",Kim Jong Wan,42690,215853,1,0.637,0.402,0.568,0.00122,0.159,-5.488,0.0261,129.954,4,0.196,morning
What Do I Know?,÷ (Deluxe),Ed Sheeran,42797,237333,0,0.838,0.251,0.492,0,0.262,-5.69,0.038,115.092,4,0.895,morning
Best Damn Thing,Best Damn Thing,Alexander Stewart,43448,232340,1,0.552,0.12,0.815,0,0.235,-2.61,0.0429,93.895,4,0.815,morning
강남역 4번출구,Love Falling,Plastic,42355,243978,1,0.777,0.552,0.502,0,0.0764,-4.242,0.0294,95.022,4,0.75,morning
Summer Vacation,Familia,sumika,42928,237373,1,0.631,0.655,0.739,0.0000814,0.0959,-6.403,0.0946,95.981,4,0.654,morning
蝶々結び,蝶々結び,aiko,37734,313000,1,0.603,0.601,0.646,0.0000262,0.125,-2.35,0.0284,106.133,4,0.501,morning
Dream,Weightlifting Fairy Kim Bok Joo (Original Television Soundtrack),Various Artists,42747,242400,1,0.501,0.161,0.452,0.00019,0.0809,-7.297,0.0241,145.937,3,0.191,morning
Not a Love Song,"Real:Time:Love 3 (Original Soundtrack), Pt. 1",IGWI,44064,190716,1,0.876,0.316,0.705,0,0.296,-5.097,0.0382,107.972,4,0.801,morning
Chasing Fire,I met you when I was 18. (the playlist),Lauv,43251,205267,1,0.709,0.0449,0.562,0,0.217,-4.864,0.0724,125.965,4,0.386,morning
Kiss Later (YeoJin),YeoJin,LOONA,42751,199754,1,0.378,0.177,0.766,0,0.0733,-4.11,0.0924,207.642,4,0.632,morning
dlwlrma,Palette,IU,42846,176098,1,0.738,0.315,0.641,0,0.114,-3.44,0.0475,119.867,4,0.631,morning
Be Around Me,Be Around Me,Will Joseph Cook,44083,181260,1,0.753,0.0814,0.703,0.0000565,0.442,-5.095,0.0621,82.477,4,0.814,morning
Polaroid Love,DIMENSION : ANSWER,ENHYPEN,44571,184601,0,0.738,0.458,0.67,0,0.361,-3.766,0.0439,138.055,4,0.651,morning
Give Love,PLAY,AKMU,43054,176532,1,0.795,0.332,0.706,0,0.0751,-4.541,0.071,95.987,4,0.846,morning
Day 1,ONE FINE DAY,K.Will,41816,205660,1,0.667,0.284,0.836,0,0.23,-2.894,0.0454,107.984,4,0.891,morning
もう少しだけ,もう少しだけ,YOASOBI,44326,220200,1,0.675,0.12,0.746,0,0.121,-5.531,0.0288,99.99,4,0.533,morning
Without You (Feat. ROSE),One of a Kind,G-DRAGON,41167,242677,1,0.6,0.0311,0.678,0,0.338,-6.894,0.0372,123.991,4,0.326,morning
Love Me,My World,Justin Bieber,39814,191573,1,0.729,0.00939,0.868,0,0.283,-3.319,0.0609,124.957,4,0.632,morning
Girl in the Mirror,UglyDolls (Original Motion Picture Soundtrack),Various Artists,43581,158066,1,0.748,0.0615,0.69,0,0.296,-3.053,0.0352,106.966,4,0.513,morning
週末グルーミー,週末グルーミー,Saucy Dog,44349,251605,1,0.569,0.367,0.73,0,0.24,-3.912,0.0286,88.039,4,0.626,morning
We Don't Talk Anymore (feat. Selena Gomez),Nine Track Mind,Charlie Puth,42398,217706,0,0.728,0.621,0.563,0,0.179,-8.053,0.134,100.017,4,0.352,morning
だから僕は音楽を辞めた,だから僕は音楽を辞めた,ヨルシカ,43565,242912,1,0.65,0.36,0.88,0.00369,0.23,-5.326,0.0283,124.985,4,0.921,morning
DARARI,THE SECOND STEP : CHAPTER ONE,TREASURE,44607,220716,1,0.716,0.486,0.638,0,0.0702,-6.87,0.0392,84.955,4,0.552,morning
Say Yes,"Moonlovers - Scarlet Heart Ryeo (Original Television Soundtrack), Pt. 2",Various Artists,42611,218897,0,0.696,0.352,0.778,0,0.329,-4.653,0.0585,94.996,4,0.41,morning
単焦点,単焦点,Penthouse,44601,181774,1,0.704,0.288,0.799,0,0.0781,-5.575,0.0512,109.982,4,0.811,morning
Omokage (produced by Vaundy),Omokage (produced by Vaundy),milet,44547,188060,1,0.488,0.0258,0.638,0.0000224,0.12,-4.502,0.058,207.906,4,0.713,morning
レモンパイ,レモンパイ,Macaroni Empitsu,43376,219889,0,0.688,0.125,0.825,0,0.196,-4.019,0.0377,101.67,4,0.764,morning
Top Of The World,A Song For You,Carpenters,1972,179173,1,0.379,0.806,0.343,0,0.0991,-12.993,0.0385,184.301,4,0.694,morning
"Ob-La-Di, Ob-La-Da - Remastered 2009",The Beatles (Remastered),The Beatles,25164,188960,1,0.818,0.232,0.728,0.0642,0.251,-8.331,0.0314,113.059,4,0.975,morning
SWEET TWEET,ラブとピースは君の中,Official HIGE DANdism,42116,295373,0,0.596,0.0121,0.924,0,0.0511,-1.766,0.0512,133.552,4,0.762,morning
Beautiful,WHITE,Superfly,42151,297931,1,0.51,0.0435,0.895,0.00000134,0.123,-3.321,0.0444,144.847,4,0.356,morning
Mou Nidoto,Sayonaramadeno30pun (ECHOLL Edition),ECHOLL,43852,194933,1,0.459,0.447,0.634,0,0.154,-6.537,0.0642,184.075,4,0.312,morning
Character,Character,Ryokuoushoku Shakai,44582,249426,1,0.65,0.15,0.913,0,0.345,-2.147,0.0758,124.025,4,0.594,morning
Wasted Nights,Eye of the Storm,ONE OK ROCK,43509,224773,1,0.569,0.0175,0.824,0,0.0727,-5.287,0.041,125.053,4,0.385,morning
"Just Fine (From ""Sam & Cat"")","Just Fine (From ""Sam & Cat"")",Geek Music,44425,155772,1,0.777,0.314,0.574,0,0.56,-7.504,0.0473,123.045,4,0.881,morning
Smile,Smile,Johnny Stimson,43959,162784,1,0.511,0.208,0.323,0,0.0862,-10.225,0.227,87.889,4,0.435,morning
あぁ、もう。,あぁ、もう。,Saucy Dog,44547,284330,1,0.706,0.248,0.672,0,0.177,-4.696,0.029,112.126,4,0.632,morning
ロビンソン,ハチミツ,SPITZ,1995,260133,0,0.623,0.428,0.787,0,0.16,-4.339,0.0274,111.181,4,0.585,morning
風になる,恋恋風歌,Tsuji Ayano,37762,276600,1,0.641,0.239,0.669,0.000003,0.117,-5.558,0.0318,134.925,4,0.55,morning
Nanairo,Nanairo,BUMP OF CHICKEN,44334,259877,1,0.593,0.0178,0.862,0,0.101,-4.347,0.0299,124.978,4,0.84,morning
ヒッチコック,負け犬にアンコールはいらない,ヨルシカ,43229,222813,1,0.547,0.285,0.796,0.00000105,0.0487,-3.785,0.0368,169.901,4,0.797,morning
Anatano Sukina Tokoro,Anatano Sukina Tokoro,Kana Nishino,42487,283666,1,0.675,0.158,0.819,0,0.184,-4.694,0.0321,117.994,4,0.664,morning
燃えよ,燃えよ,Fujii Kaze,44443,279617,1,0.621,0.00165,0.87,0.0000204,0.346,-6.157,0.0436,137.994,4,0.822,morning
Permission to Dance,Butter / Permission to Dance,BTS,44386,187585,1,0.702,0.00544,0.741,0,0.337,-5.33,0.0427,124.925,4,0.646,morning
ボーイフレンド,ボーイフレンド,aiko,36789,286800,1,0.743,0.0636,0.888,0.000342,0.334,-3.072,0.0323,120.032,4,0.792,morning
Dance The Night Away,Summer Nights,TWICE,43290,180809,1,0.711,0.106,0.861,0.000044,0.112,-2.905,0.0924,118.004,4,0.78,morning
チロルとポルノ,死ぬまで一生愛されてると思ってたよ,Creep Hyp,41017,218732,1,0.465,0.00771,0.819,0,0.165,-4.435,0.0329,149.976,4,0.828,morning
Aoi,Her Blue Sky,Aimyon,43740,252533,1,0.597,0.324,0.823,0,0.163,-1.954,0.0331,106.035,4,0.452,morning
夜行バス,tamago,Aimyon,42221,239533,1,0.614,0.0298,0.756,0,0.0834,-4.535,0.05,147.962,4,0.583,morning
Back For You,Take Me Home (Expanded Edition),One Direction,41225,178440,1,0.569,0.0194,0.911,0,0.0925,-2.705,0.0772,160.054,4,0.51,morning
Dolphin,NONSTOP,OH MY GIRL,43948,176773,1,0.859,0.166,0.669,0,0.265,-4.539,0.0835,113.986,4,0.555,morning
SCIENTIST,Formula of Love: O+T=<3,TWICE,44512,194600,1,0.786,0.0487,0.858,0,0.126,-3.74,0.0675,112.999,4,0.649,morning
Everywhere You Look (The Fuller House Theme),Everywhere You Look (The Fuller House Theme),Carly Rae Jepsen,42426,198207,1,0.663,0.0709,0.827,0.00000307,0.0919,-1.796,0.0976,124.945,4,0.681,morning
喜劇,喜劇,Gen Hoshino,44659,230666,0,0.676,0.0322,0.461,0.00000101,0.358,-6.746,0.143,87.917,4,0.715,morning
We Are Never Ever Getting Back Together,Red (Big Machine Radio Release Special),Taylor Swift,41204,193146,1,0.628,0.00957,0.676,0.0000265,0.121,-5.911,0.0916,85.984,4,0.75,morning
The Middle,The Middle,Zedd,43123,184732,1,0.753,0.171,0.657,0,0.112,-3.061,0.0449,107.01,4,0.437,morning
Ame Sansan,Ame Sansan,King Gnu,44757,295681,1,0.494,0.354,0.862,0.00431,0.13,-4.608,0.041,94.99,4,0.587,morning
Pop Corn,BLOOM iSLAND,BLOOM VASE,44033,157714,1,0.746,0.547,0.757,0.00000104,0.094,-4.149,0.0414,87.509,4,0.712,noon
Bluma to Lunch,BLOOM SQUAD,BLOOM VASE,44184,159040,1,0.756,0.034,0.726,0.000455,0.119,-5.388,0.0489,123.98,4,0.792,noon
CHILDAYS,BLOOM iSLAND,BLOOM VASE,44033,190735,1,0.679,0.349,0.814,0,0.132,-2.459,0.0462,79.002,4,0.922,noon
陽キャJKに憧れる陰キャJKの歌,陽キャJKに憧れる陰キャJKの歌,音莉飴,44526,179240,1,0.614,0.257,0.843,0,0.145,-6.549,0.0393,158.016,4,0.362,noon
アオハル,アオハル,あかね,44558,209887,1,0.595,0.368,0.836,0,0.164,-4.56,0.0426,111.983,4,0.634,noon
逃避行,逃避行,imase,44591,191689,1,0.926,0.812,0.383,0.00238,0.254,-7.729,0.0776,134.076,4,0.39,noon
勝たんしか症候群,ずっと生きてね,たかやん,44337,111850,0,0.752,0.142,0.746,0,0.14,-3.977,0.0406,100.042,4,0.563,noon
手首からマンゴー - 2021 ver.,2019 - 2021,たかやん,44385,180599,1,0.825,0.213,0.597,0,0.159,-4.356,0.0505,97.054,4,0.745,noon
雲の上,PURPLE,心之助,44438,215306,1,0.574,0.0248,0.897,0,0.148,-4.188,0.241,172.001,4,0.379,noon
Blue Spring (Sky Filter),Blue Spring,心之助,44268,207033,1,0.704,0.0213,0.836,0,0.0742,-6.188,0.154,90.011,4,0.839,noon
Life Goes On,BE,BTS,44155,207481,1,0.566,0.00691,0.716,0,0.37,-5.733,0.0424,81.068,4,0.45,noon
MIRAI,MIRAI,竹内唯人,44300,238922,1,0.538,0.0521,0.818,0,0.0769,-3.535,0.0754,166.986,4,0.508,noon
imagine if,we,Garrett Nash,43476,197216,1,0.907,0.568,0.452,0,0.244,-6.673,0.187,92.063,4,0.691,noon
End Of The Night,End Of The Night,Danny Avila,43420,205724,1,0.666,0.371,0.72,0,0.0793,-4.483,0.0269,99.97,4,0.312,noon
Run Free,Run Free,Deep Chills,42965,170562,1,0.727,0.202,0.69,0.00000327,0.414,-4.559,0.0345,100.002,4,0.699,noon
2002,Speak Your Mind (Deluxe),Anne-Marie,43217,186986,0,0.697,0.0372,0.683,0,0.137,-2.881,0.117,96.133,4,0.603,noon
第六感,第六感,Reol,44039,191624,1,0.675,0.00893,0.959,0.0000848,0.325,-1.754,0.0835,134.017,4,0.835,noon
ちきゅう大爆発,ちきゅう大爆発,P丸様｡,44540,193206,1,0.698,0.0691,0.967,0.00114,0.302,-3.584,0.122,160.049,4,0.762,noon
Savage Love (Laxed – Siren Beat) [BTS Remix],Savage Love (Laxed - Siren Beat) [BTS Remix],Jawsh 685,44106,184905,0,0.758,0.16,0.598,0,0.295,-5.695,0.0868,149.836,4,0.658,noon
BIJIN,BIJIN,CHANMINA,44274,158621,1,0.796,0.0109,0.733,0.00000416,0.24,-5.995,0.0986,94.998,4,0.412,noon
XOXO,XOXO,JEON SOMI,44498,207650,1,0.703,0.0705,0.611,0,0.133,-6.376,0.0313,144.991,4,0.527,noon
SugarCrash!,SugarCrash!,ElyOtto,44068,80080,1,0.748,0.524,0.734,0.0000115,0.0975,-6.499,0.124,97.753,4,0.368,noon
ICY,IT'z ICY,ITZY,43675,191142,1,0.8,0.0328,0.904,0.0000317,0.182,-2.821,0.0845,124.979,4,0.806,noon
Black Magic,Get Weird (Expanded Edition),Little Mix,42314,211786,1,0.776,0.0343,0.875,0,0.314,-5.535,0.0575,111.988,4,0.849,noon
Dynamite,BE,BTS,44155,199053,0,0.746,0.0112,0.765,0,0.0936,-4.41,0.0993,114.044,4,0.737,noon
PINK SWEET,PINK SWEET,BBY NABE,43786,134634,1,0.629,0.183,0.748,0,0.291,-5.523,0.0382,163.963,4,0.318,noon
Take a picture,U -Special Edition-,NiziU,44524,181373,1,0.733,0.0435,0.887,0.000689,0.501,-4.09,0.0586,127.921,4,0.774,noon
Girl in the Mirror,UglyDolls (Original Motion Picture Soundtrack),Various Artists,43581,158066,1,0.748,0.0615,0.69,0,0.296,-3.053,0.0352,106.966,4,0.513,noon
メンタルチェンソー,Sunny!!,P丸様｡,44272,175480,1,0.533,0.00676,0.95,0.263,0.0917,-1.775,0.085,187.968,4,0.696,noon
Surges,Surges,Orangestar,44441,120875,1,0.587,0.0775,0.924,0,0.256,-4.622,0.0534,136.95,4,0.882,noon
SCIENTIST,Formula of Love: O+T=<3,TWICE,44512,194600,1,0.786,0.0487,0.858,0,0.126,-3.74,0.0675,112.999,4,0.649,noon
ないばいたりてぃ,ないばいたりてぃ,P丸様｡,44492,211309,1,0.762,0.00676,0.908,0.577,0.0908,-2.6,0.0344,99.97,4,0.965,noon
僕らまた,僕らまた,SG,44290,197307,1,0.679,0.713,0.298,0,0.0917,-13.374,0.168,77.91,4,0.698,noon
ワライカタ,ワライカタ,Yoru no Hitowarai,44510,216000,1,0.811,0.777,0.541,0,0.111,-5.255,0.0294,110.08,4,0.808,noon
常緑,you,Chippoke Ohashi,44482,171546,1,0.725,0.0242,0.75,0,0.101,-5.694,0.0772,101.19,4,0.888,noon
だいあるのーと,だいあるのーと,七草くりむ,43974,120000,0,0.867,0.192,0.698,0.975,0.172,-7.042,0.0572,130.086,4,0.929,noon
ねぇねぇねぇ。,ラヴ,PinocchioP,44419,210607,1,0.724,0.0146,0.864,0.00301,0.095,-4.958,0.0549,144.949,4,0.654,noon
ベノム,ベノム,Kairikibear,2018,203033,0,0.548,0.116,0.98,0,0.296,-0.471,0.1,152.111,4,0.755,noon
ただ声一つ,ただ声一つ,ロクデナシ,44552,161561,1,0.707,0.895,0.5,0.00004,0.234,-5.78,0.0296,129.97,4,0.583,noon
春嵐 - 8bit ver.,john 8bit,John,44492,158571,0,0.729,0.0946,0.527,0.952,0.0416,-4.411,0.063,140.037,4,0.972,noon
カタコト,カタコト,sloppy dim,44098,158888,1,0.859,0.591,0.629,0.00474,0.165,-6.613,0.0695,135.02,4,0.909,noon
春嵐,ROSE,John,43821,161872,0,0.625,0.335,0.978,0,0.0281,-0.227,0.048,139.985,4,0.981,noon
TWINNEM,TWINNEM,Coi Leray,44459,117066,1,0.885,0.0866,0.353,0.0000578,0.173,-10.484,0.0912,134.079,4,0.316,noon
死んでしまったのだろうか,Love & Music -DISC1-,Guiano,43903,210946,1,0.805,0.0351,0.876,0.000206,0.06,-3.851,0.092,101.019,4,0.859,noon
Sunshine Girl,SPARK,moumoon,40366,229493,1,0.817,0.339,0.58,0.00000458,0.153,-6.453,0.0338,103.031,4,0.968,noon
イージーゲーム,イージーゲーム,natsumi,44326,183929,0,0.605,0.227,0.909,0,0.0497,-2.483,0.13,165.953,4,0.901,noon
Yowanehaki,Yowanehaki,MAISONdes,44335,166966,1,0.78,0.0432,0.814,0.0000828,0.168,-3.617,0.0291,108.025,4,0.59,noon
水平線,水平線,back number,44421,285396,1,0.419,0.011,0.75,0,0.159,-3.546,0.0316,145.867,4,0.436,noon
BETELGEUSE,Ichi,Yuuri,44573,230600,1,0.367,0.222,0.671,0,0.494,-4.604,0.0478,179.833,4,0.691,noon
シル・ヴ・プレジデント,Sunny!!,P丸様｡,44272,190493,1,0.647,0.0237,0.9,0.0225,0.314,-2.383,0.113,175.926,4,0.746,noon
夜撫でるメノウ,夜撫でるメノウ / 幽霊東京,Ayase,44447,262800,1,0.702,0.0749,0.732,0,0.297,-6.803,0.0266,100,4,0.636,noon
Tie Me Down,Melbourne,Hector Akuma,44050,210096,1,0.885,0.0179,0.803,0.000827,0.0767,-8.89,0.66,128.099,4,0.359,noon
How to,How to,Minty,44308,130106,1,0.742,0.792,0.415,0.0283,0.0909,-6.489,0.461,74.947,4,0.724,noon
Dragon Night,Tree,SEKAI NO OWARI,42018,229293,1,0.616,0.0342,0.825,0.0000087,0.405,-4.349,0.125,124.013,4,0.548,noon
GAL - Mixed,FTL Mixtape vol.2 (mixed by Thlive - DJMIX),Thlive,44530,146629,1,0.826,0.00439,0.453,0,0.372,-12.285,0.336,156.307,4,0.807,noon
What Do You Mean?,Purpose (Deluxe),Justin Bieber,42321,205680,0,0.845,0.59,0.567,0.00142,0.0811,-8.118,0.0956,125.02,4,0.793,noon
Rumors,Rumors,Jake Miller,42193,186102,0,0.883,0.134,0.712,0,0.106,-4.769,0.0465,120.022,4,0.825,noon
Be You,WCMTW,Novel Core,43922,233893,1,0.726,0.407,0.517,0.000117,0.0678,-5.845,0.0386,159.951,4,0.602,noon
Have a nice day,Have a nice day,imase,44549,175693,1,0.85,0.371,0.591,0.00000399,0.117,-4.73,0.0386,94.018,4,0.564,noon
Talking Box,檸檬の日々,WurtS,44272,141933,1,0.787,0.00477,0.718,0.00107,0.0895,-6.17,0.0395,140.002,4,0.47,noon
海のリビング,海のリビング,鈴木鈴木,44413,223600,0,0.652,0.0905,0.846,0,0.242,-4.005,0.0374,97.998,4,0.762,noon
W / X / Y,Memories,Tani Yuuki,44538,278118,1,0.628,0.159,0.775,0,0.33,-4.479,0.0535,106.382,3,0.674,noon
Partner,Partner,有華,44671,174013,1,0.789,0.108,0.63,0.00000156,0.132,-5.049,0.037,95.009,4,0.836,noon
Crayon,Crayon,ZOT on the WAVE,44596,176680,1,0.791,0.157,0.859,0.00000371,0.446,-4.524,0.0448,140.017,4,0.946,noon
Edison,Neon,WEDNESDAY CAMPANELLA,44706,193510,0,0.838,0.0195,0.729,0.0089,0.101,-5.733,0.0802,129.999,4,0.619,noon
Magic Carpet,I Believe in You,Takaya Kawasaki,43173,208896,0,0.622,0.776,0.309,0,0.122,-6.291,0.0481,73.897,4,0.571,noon
Habit,Habit,SEKAI NO OWARI,44679,253153,0,0.749,0.203,0.85,0,0.18,-5.39,0.126,117.968,4,0.912,noon
ねぇ,ねぇ,YOAKE,44680,200701,1,0.531,0.0769,0.761,0,0.111,-6.434,0.0426,171.038,4,0.962,noon
新時代 - ウタ from ONE PIECE FILM RED,新時代 (ウタ from ONE PIECE FILM RED),Ado,44720,228214,1,0.494,0.0505,0.986,0.00000441,0.334,-2.262,0.243,175.003,4,0.421,noon
スパークル,スパークル,Lilas Ikuta,44578,213600,1,0.614,0.417,0.579,0,0.0666,-4.937,0.038,149.831,4,0.692,noon
YOKAZE,ZURUMUKE,HENTAI SHINSHI CLUB,44363,269547,1,0.642,0.293,0.587,0,0.0784,-5.53,0.0268,89.96,4,0.361,noon
Harenchi,Harenchi,CHANMINA,44482,198709,0,0.713,0.0469,0.869,0.00000133,0.383,-6.002,0.0519,120.021,4,0.56,noon
三原色,THE BOOK 2,YOASOBI,44531,220253,0,0.666,0.0836,0.923,0,0.315,-2.362,0.0712,128.014,4,0.861,noon
ダンスホール,ダンスホール,Mrs. GREEN APPLE,44704,203149,1,0.736,0.0209,0.695,0,0.0517,-3.87,0.0468,109.976,4,0.784,noon
シンデレラボーイ,レイジーサンデー,Saucy Dog,44433,234323,1,0.596,0.0748,0.735,0,0.269,-6.362,0.0332,108.106,4,0.524,noon
タイミング ~Timing~,タイミング ~Timing~,Klang Ruler,44554,200822,0,0.756,0.114,0.607,0.0000215,0.039,-5.01,0.0376,124.005,4,0.713,noon
ミックスナッツ,ミックスナッツ,Official HIGE DANdism,44666,213438,1,0.542,0.0101,0.918,0,0.259,-5.074,0.0937,150.094,4,0.784,noon
PAKU,PAKU,asmi,44650,125771,1,0.84,0.296,0.889,0.0000352,0.344,-4.968,0.125,124.04,4,0.961,noon
10月無口な君を忘れる,夜明け前,あたらよ,44473,332285,1,0.262,0.0429,0.47,0,0.236,-4.663,0.0433,75.096,4,0.307,noon
melt bitter,melt bitter,satomoka,43852,309840,1,0.692,0.0467,0.58,0.0000603,0.326,-4.539,0.036,96.067,4,0.626,noon
チェリー,インディゴ地平線,SPITZ,1996,259933,1,0.646,0.227,0.805,0.0000195,0.0901,-3.422,0.0292,97.201,4,0.748,noon
2022,2022,虎韻,44577,138461,0,0.809,0.421,0.751,0,0.134,-4.417,0.0893,90.947,4,0.572,noon
反面教師,2019 - 2021,たかやん,44385,104269,0,0.771,0.421,0.661,0,0.256,-6.23,0.0497,120.006,4,0.812,noon
comethru,"summer,",Jeremy Zucker,43371,181613,1,0.795,0.607,0.178,0,0.623,-11.991,0.0574,93.982,4,0.608,noon
Don't Leave Me Alone (feat. Anne-Marie),Don't Leave Me Alone (feat. Anne-Marie),David Guetta,43307,183750,0,0.659,0.118,0.738,0,0.115,-5.072,0.0477,127.95,4,0.481,noon
kedamono no friends,kedamono no friends,にしな,44216,217048,1,0.763,0.243,0.663,0.0000361,0.0733,-5.668,0.033,96.002,4,0.681,noon
All Falls Down (feat. Juliander),All Falls Down (feat. Juliander),Alan Walker,43035,199111,1,0.658,0.303,0.678,0,0.361,-4.407,0.058,97.976,4,0.662,noon
Heartbeat,Together,Marcus & Martinus,42678,165320,1,0.901,0.664,0.377,0,0.0588,-7.593,0.051,107.008,4,0.553,noon
アンコール,THE BOOK,YOASOBI,44202,271440,1,0.682,0.283,0.669,0.000001,0.145,-4.741,0.0275,81.999,4,0.831,noon
げのげ,げのげ,なきそ,44431,156132,1,0.789,0.299,0.565,0.00000161,0.258,-4.785,0.0382,119.954,4,0.705,noon
HACK,WONDER HACK,Shuta Sueyoshi,43481,192000,1,0.686,0.00939,0.861,0.000021,0.135,-8.613,0.0586,154.994,4,0.978,noon
たぶん,THE BOOK,YOASOBI,44202,256773,1,0.748,0.157,0.661,0.00102,0.101,-6.702,0.0334,90.003,4,0.743,noon
"WAVEBODY (Remix) feat. OZworld, LEX & ¥ellow Bucks",WAVY TAPE 2(Deluxe),JP THE WAVY,44461,223266,1,0.889,0.0273,0.721,0.000189,0.139,-6.061,0.159,87.464,4,0.839,noon
自堕楽,自堕楽,PARED,44251,156060,1,0.551,0.0641,0.767,0,0.059,-5.499,0.0819,90.087,4,0.82,noon
Lay All Your Love On Me,Super Trouper,ABBA,1980,274466,0,0.678,0.117,0.727,0.00396,0.354,-7.844,0.0258,133.481,4,0.71,noon
Love Is Gone,Love Is Gone,SLANDER,43595,256042,0,0.452,0.0589,0.465,0.000524,0.095,-10.006,0.0344,149.586,4,0.0832,noon
hot girl bummer,everything means nothing,blackbear,44064,188343,0,0.782,0.125,0.559,0,0.385,-7.106,0.0767,129.992,1,0.685,noon
GAL,GAL,OHAYO,44365,173447,1,0.859,0.00627,0.496,0,0.157,-6.822,0.221,154.982,4,0.654,noon
だいしきゅーだいしゅき,だいしきゅーだいしゅき,femme fatale,44624,210315,1,0.58,0.00559,0.99,0.000247,0.0683,-0.444,0.0426,95.025,4,0.835,noon
See Tình,See Tình,Hoang Thuy Linh,44612,185002,0,0.846,0.497,0.755,0.000984,0.0696,-5.013,0.0378,97.009,4,0.854,noon
Havana (feat. Young Thug),Camila,Camila Cabello,43112,217306,1,0.765,0.184,0.523,0.0000356,0.132,-4.333,0.03,104.988,4,0.394,night
Closer,Closer,The Chainsmokers,42580,244960,1,0.748,0.414,0.524,0,0.111,-5.599,0.0338,95.01,4,0.661,night
Mikrokosmos,MAP OF THE SOUL : PERSONA,BTS,43567,224225,1,0.58,0.125,0.858,0,0.0502,-5.212,0.114,174.039,3,0.475,night
Magic Shop,Love Yourself 結 'Answer',BTS,43336,275695,1,0.541,0.103,0.661,0,0.0779,-5.838,0.0889,149.926,4,0.285,night
00:00 (Zero O’Clock),MAP OF THE SOUL : 7,BTS,43889,250295,1,0.566,0.0802,0.548,0,0.11,-6.456,0.0579,157.999,4,0.196,night
napori,strobo,Vaundy,43978,203787,1,0.88,0.417,0.356,0,0.0997,-7.802,0.297,129.822,4,0.468,night
"Stand by me, Stand by you.","Stand by me, Stand by you.",HIRAIDAI,44083,193012,1,0.594,0.0892,0.568,0,0.0535,-5.423,0.0383,161.887,4,0.58,night
GOOD NIGHT BABY,Momentary Sixth Sense,Aimyon,43509,330640,1,0.601,0.0504,0.773,0,0.186,-3.161,0.0435,110.012,4,0.778,night
Love Yourself,Mega Hits 2021,Various Artists,44225,232626,1,0.759,0.86,0.401,0,0.299,-8.999,0.259,100.126,4,0.576,night
We are Bulletproof : the Eternal,MAP OF THE SOUL : 7,BTS,43889,261542,0,0.526,0.225,0.575,0,0.108,-5.215,0.0309,84.047,4,0.19,night
I'm Gonna Be,Hollywood's Bleeding,Post Malone,43714,200680,1,0.746,0.703,0.559,0,0.148,-4.008,0.0316,117.943,4,0.368,night
会いたいわ,life ep,iri,43061,268320,1,0.744,0.437,0.557,0.00000225,0.0578,-4.776,0.0971,144.006,4,0.575,night
丸ノ内サディスティック,無罪モラトリアム,Sheena Ringo,36215,235866,1,0.425,0.113,0.916,0.000398,0.108,-2.909,0.118,199.694,4,0.659,night
恋人ごっこ,hope,Macaroni Empitsu,43922,200219,1,0.438,0.124,0.646,0,0.0603,-5.301,0.0361,102.033,4,0.745,night
猫 ~THE FIRST TAKE ver.~,猫 ~THE FIRST TAKE ver.~,DISH//,43950,273233,1,0.641,0.564,0.576,0,0.114,-6.772,0.139,77.005,4,0.622,night
勿忘,勿忘,Awesome City Club,44223,251533,0,0.448,0.234,0.447,0,0.382,-7.161,0.045,78.861,4,0.299,night
ただいま,ただいま,Aoi Teshima,44230,332349,1,0.584,0.904,0.493,0.00271,0.0567,-8.657,0.0295,122.072,4,0.391,night
夢の恋人,夢が醒めたら,ZOOKARADERU,43425,200386,1,0.698,0.191,0.684,0.0000099,0.133,-4.64,0.0353,122.025,4,0.557,night
たばこ,コレカラー,Koresawa,42956,374600,1,0.666,0.864,0.322,0,0.336,-8.298,0.0314,148.151,4,0.25,night
寄り酔い,寄り酔い,和ぬか,44242,216959,0,0.591,0.14,0.665,0.00103,0.382,-6.525,0.153,118.195,4,0.694,night
ヤングアダルト,hope,Macaroni Empitsu,43922,258158,1,0.744,0.334,0.831,0.00000271,0.0879,-4.8,0.0355,131.053,4,0.834,night
Talking to the Moon,Doo-Wops & Hooligans,Bruno Mars,40456,217866,0,0.498,0.511,0.59,0,0.107,-4.721,0.032,145.867,4,0.0784,night
Blue & Grey,BE,BTS,44155,254950,1,0.547,0.42,0.605,0,0.125,-6.755,0.0415,121.953,4,0.364,night
We don't talk together (Prod. by SUGA),We don’t talk together,HEIZE,43653,199215,1,0.629,0.039,0.736,0,0.333,-4.672,0.0401,97.883,4,0.308,night
接吻,Sunny Side Of Original Love,Original Love,34311,280693,0,0.599,0.139,0.815,0.0000198,0.142,-7.645,0.048,96.028,4,0.649,night
東京フラッシュ,strobo,Vaundy,43978,258858,1,0.628,0.00255,0.634,0.00000724,0.0456,-5.508,0.0322,97.99,4,0.606,night
Celebrity,IU 5th Album 'LILAC',IU,44280,195546,1,0.73,0.191,0.784,0,0.0956,-2.62,0.0691,99.995,4,0.673,night
常夜燈,常夜燈,PEOPLE 1,44040,264719,1,0.811,0.491,0.383,0.00013,0.111,-7.335,0.0635,98.997,4,0.619,night
Friends,MAP OF THE SOUL : 7,BTS,43889,199338,1,0.55,0.0668,0.747,0,0.0536,-5.211,0.0407,79.98,4,0.648,night
Because I'm in Love,Momentary Sixth Sense,Aimyon,43509,269253,1,0.399,0.884,0.184,0,0.109,-10.327,0.0342,70.135,4,0.364,night
Let the Night,Momentary Sixth Sense,Aimyon,43509,238093,1,0.441,0.0254,0.852,0,0.0862,-3.595,0.0383,104.855,4,0.64,night
食虫植物,食虫植物,理芽,44055,155517,1,0.807,0.18,0.514,0.00000508,0.111,-4.047,0.0388,122.938,4,0.709,night
Peaches (feat. Daniel Caesar & Giveon),Justice,Justin Bieber,44274,198081,1,0.677,0.321,0.696,0,0.42,-6.181,0.119,90.03,4,0.464,night
Inner Child,MAP OF THE SOUL : 7,BTS,43889,233265,1,0.589,0.017,0.696,0,0.0808,-7.981,0.0725,134.953,4,0.332,night
Never Not,I met you when I was 18. (the playlist),Lauv,43251,208000,1,0.47,0.693,0.221,0,0.104,-9.243,0.0371,133.714,4,0.264,night
hazama,hazama,4na,44269,212995,1,0.747,0.48,0.87,0.0000185,0.392,-6.099,0.0456,99.988,4,0.833,night
クロノスタシス,フェイクワールドワンダーランド,Kinokoteikoku,41941,227813,1,0.463,0.0278,0.755,0.00763,0.129,-5.836,0.0281,83.873,4,0.696,night
Here's Your Perfect,Here's Your Perfect,Jamie Miller,44316,158594,1,0.558,0.499,0.454,0,0.146,-5.335,0.0551,113.12,4,0.424,night
夜撫でるメノウ,夜撫でるメノウ / 幽霊東京,Ayase,44447,262800,1,0.702,0.0749,0.732,0,0.297,-6.803,0.0266,100,4,0.636,night
シンデレラボーイ,レイジーサンデー,Saucy Dog,44433,234323,1,0.596,0.0748,0.735,0,0.269,-6.362,0.0332,108.106,4,0.524,night
life hack,strobo,Vaundy,43978,226443,0,0.711,0.0233,0.655,0.00045,0.115,-5.987,0.047,90.981,4,0.759,night
Make It Right,MAP OF THE SOUL : PERSONA,BTS,43567,226321,1,0.638,0.0104,0.703,0,0.132,-7.874,0.444,105.766,4,0.261,night
Paris,Memories...Do Not Open,The Chainsmokers,42832,221506,1,0.653,0.0215,0.658,0.00000166,0.0939,-6.428,0.0304,99.99,4,0.219,night
Embarrassed,Dark & Wild,BTS,42081,241733,1,0.603,0.172,0.901,0,0.369,-3.033,0.27,84.605,4,0.558,night
Dimple,Love Yourself 結 'Answer',BTS,43336,196776,0,0.612,0.142,0.844,0,0.287,-4.694,0.0756,134.868,4,0.653,night
look at the sea,indoor,Oisicle Melonpan,43005,207520,1,0.609,0.0121,0.847,0.00118,0.356,-5.538,0.0652,94.826,4,0.686,night
Trivia 轉 : Seesaw,Love Yourself 結 'Answer',BTS,43336,246334,0,0.707,0.181,0.791,0,0.102,-4.481,0.035,106.985,4,0.678,night
BOKE,BOKE,CIKI,43497,184510,0,0.802,0.569,0.488,0.0000155,0.22,-5.523,0.0675,94.994,4,0.496,night
Don't Stop the Clocks,Sympa,King Gnu,43481,136773,1,0.528,0.801,0.33,0.00000195,0.573,-9.24,0.0307,132.088,4,0.543,night
KEMURI,KEMURI,松本千夏,43910,260750,0,0.844,0.0384,0.693,0.0000385,0.105,-7.107,0.0447,126.952,4,0.249,night
BETELGEUSE,BETELGEUSE,Yuuri,44504,230393,1,0.432,0.199,0.68,0,0.481,-4.839,0.0431,180.002,4,0.685,night
imagine if,we,Garrett Nash,43476,197216,1,0.907,0.568,0.452,0,0.244,-6.673,0.187,92.063,4,0.691,night
踊り子,踊り子,Vaundy,44517,230109,1,0.718,0.845,0.475,0.801,0.105,-11.469,0.0611,157.032,4,0.678,night
Love Me Like That,"Nevertheless, (Original Television Soundtrack, Pt. 6)",Sam Kim,44401,211363,1,0.59,0.854,0.294,0,0.0873,-8.125,0.0654,87.895,4,0.461,night
See C Love,d a n c i n g a l o n e,Chilli Beans.,44433,191544,0,0.483,0.00375,0.72,0.00000215,0.161,-5.622,0.0446,183.965,4,0.726,night
"Nanndemonaiyo,","Nanndemonaiyo,",Macaroni Empitsu,44503,218751,1,0.597,0.278,0.525,0,0.0692,-6.039,0.0519,171.561,4,0.589,night
スターライトパレード,ENTERTAINMENT,SEKAI NO OWARI,41108,340560,1,0.585,0.00561,0.809,0.000285,0.084,-4.845,0.0379,125.051,4,0.226,night
ノエル,ノエル,ZOOKARADERU,44482,228823,1,0.533,0.0103,0.705,0,0.287,-4.617,0.0279,82.012,4,0.582,night
"Woman ""Wの悲劇""より - 「Wの悲劇」より",歌物語,Hiroko Yakushimaru,2011,231040,0,0.575,0.652,0.349,0.000036,0.137,-9.043,0.0267,139.436,4,0.0972,night
Talking Box,檸檬の日々,WurtS,44272,141933,1,0.787,0.00477,0.718,0.00107,0.0895,-6.17,0.0395,140.002,4,0.47,night
Sweet Night,ITAEWON CLASS (Original Television Soundtrack) Pt. 12,V,43903,214258,1,0.462,0.495,0.339,0.00000815,0.0893,-7.943,0.025,92.106,4,0.149,night
4:00 A.M.,Mignonne (Mastered by Bernie Grundman),Taeko Onuki,28754,336960,0,0.631,0.341,0.644,0.000411,0.0877,-10.81,0.0348,103.376,4,0.861,night
もしも,MY FAVORITES,Kaneyorimasaru,44076,341133,1,0.634,0.000523,0.788,0.0000153,0.0875,-2.713,0.0428,128.003,4,0.635,night
Heart,Heart,Aimyon,44489,271280,1,0.661,0.543,0.448,0,0.0818,-5.761,0.0522,78.114,4,0.299,night
分かってないよ,ワンス・アポン・ア・リバイバル,WurtS,44531,208937,1,0.431,0.000266,0.929,0.000023,0.344,-3.775,0.0696,149.935,4,0.596,night
結,結,Saucy Dog,43903,265043,1,0.574,0.249,0.725,0,0.152,-5.618,0.0345,77.015,4,0.525,night
金木犀の夜,タイム・ラプス,Kinokoteikoku,43355,245080,1,0.661,0.157,0.609,0.0011,0.106,-6.978,0.0281,125.961,4,0.489,night
Life Is Still Going On,Hello Future - The 1st Album Repackage,NCT DREAM,44375,218586,0,0.681,0.158,0.749,0,0.303,-3.436,0.0701,150.039,4,0.676,night
花火,桜の木の下,aiko,36586,278973,1,0.621,0.0692,0.868,0,0.0348,-5.235,0.0324,96.045,4,0.887,night
Outta My Head,XOXO,JEON SOMI,44498,188123,1,0.537,0.353,0.506,0,0.422,-6.645,0.0869,130.012,4,0.554,night
Even days (2021),Even days (2021),O3ohn,44425,246428,1,0.548,0.865,0.321,0.0209,0.324,-11.74,0.0421,139.68,4,0.191,night
Lovefool,First Band On The Moon (Remastered),The Cardigans,35065,193953,1,0.704,0.0344,0.636,0,0.35,-6.029,0.0252,111.845,4,0.89,night
It Takes Two,It Takes Two,Fiji Blue,44252,159012,1,0.731,0.338,0.597,0.00114,0.0771,-7.661,0.0567,101.991,4,0.863,night
Some,Red Diary Page.1,BOL4,43006,181373,0,0.659,0.417,0.799,0,0.0562,-2.849,0.0629,103.991,4,0.782,night
Still,She Loves Me Not,Jeff Bernat,43510,226926,1,0.485,0.581,0.315,0.000349,0.11,-11.599,0.0946,134.714,4,0.425,night
Jamais Vu,MAP OF THE SOUL : PERSONA,BTS,43567,227275,1,0.608,0.226,0.47,0,0.0963,-6.73,0.0428,81,4,0.241,night
Stigma,Wings,BTS,42653,216063,0,0.566,0.148,0.475,0,0.139,-5.556,0.089,136.442,4,0.335,night
ギブス,ギブス,Sheena Ringo,36551,328506,1,0.294,0.0417,0.848,0.0869,0.376,-2.986,0.0482,153.997,4,0.353,night
Our Style,Our Style,WILYWNKA,44358,242486,1,0.65,0.175,0.687,0.0000209,0.0344,-4.455,0.112,92.05,4,0.806,night
Jasmine,Jasmine,DPR LIVE,43016,201510,1,0.597,0.331,0.486,0,0.14,-5.893,0.0986,137.68,4,0.397,night
恋風邪にのせて,恋風邪にのせて,Vaundy,44627,255914,0,0.595,0.000064,0.909,0.000355,0.387,-3.594,0.0341,118.021,4,0.537,night
うるうびと,余命10年 (Original Soundtrack),RADWIMPS,44624,318880,1,0.489,0.401,0.522,0,0.238,-5.291,0.0306,78.035,4,0.43,night
Superpower,Superpower,SIRUP,44629,202440,0,0.769,0.147,0.747,0.00000186,0.586,-4.09,0.239,106.808,4,0.666,night
natsuyo no magic,Aiiro Music,indigo la End,42529,305640,0,0.465,0.222,0.818,0,0.216,-3.855,0.0385,80.024,4,0.669,night
BLUE - KR Ver.,BIGBANG BEST COLLECTION (Korea Edition),BIGBANG,41591,235106,1,0.616,0.0589,0.715,0,0.0661,-7.227,0.0776,125.008,4,0.332,night
○○ちゃん,tamago,Aimyon,42221,273640,1,0.398,0.0407,0.833,0.00000728,0.0773,-3.155,0.0438,190.339,4,0.38,night
Ai Wo Tsutaetaidatoka,Excitement of Youth,Aimyon,42990,235240,1,0.673,0.0345,0.85,0.0000114,0.0943,-5.021,0.0337,100.008,4,0.793,night
GANADARA (Feat. IU),GANADARA,Jay Park,44631,203727,1,0.492,0.196,0.615,0,0.0772,-6.663,0.244,90.081,4,0.458,night
ツキアカリ,Enjoy,Sakurako Ohara,43278,188106,1,0.769,0.223,0.679,0,0.343,-5.088,0.0354,107.018,4,0.752,night
Living for the City,The Compilation: Greatest Hits II and More,Roger & Zapp,35388,281546,0,0.731,0.102,0.431,0,0.184,-7.093,0.047,91.087,4,0.517,night
Can't Take My Eyes off You,The Very Best of Frankie Valli & The 4 Seasons,Frankie Valli & The Four Seasons,37635,203240,1,0.575,0.566,0.764,0.0000107,0.0692,-7.448,0.0746,123.821,4,0.536,night
Suisei (feat. Kariya Seira) - Young & Fresh mix,Suisei,tofubeats,41090,273600,1,0.817,0.0856,0.556,0.000279,0.0911,-7.116,0.0361,99.985,4,0.381,night
La La La Love Song,LA·LA·LA LOVE THANG,Toshinobu Kubota,35401,286493,0,0.754,0.125,0.908,0.0000299,0.0779,-4.555,0.0363,117.907,4,0.95,night
きらきら武士,レキツ,Rekishi,40618,246946,0,0.525,0.0811,0.931,0.0000386,0.0645,-2.271,0.0449,139.998,4,0.82,night
Light Switch,Light Switch,Charlie Puth,44581,185680,1,0.69,0.105,0.626,0.000335,0.0881,-5.693,0.306,184.009,4,0.912,night
ブルーベリー・ナイツ,hope,Macaroni Empitsu,43922,244869,1,0.66,0.278,0.865,0,0.0931,-3.642,0.0277,106.008,4,0.772,night
おやすみ泣き声、さよなら歌姫,クリープハイプ名作選,Creep Hyp,41710,238305,1,0.322,0.00146,0.928,0.000596,0.0927,-2.26,0.069,188.103,4,0.53,night
ナイトオンザプラネット,ナイトオンザプラネット,Creep Hyp,44512,267218,1,0.72,0.353,0.563,0.00091,0.101,-8.285,0.039,176.072,4,0.647,night
人生は夢だらけ,逆輸入 〜航空局〜,Sheena Ringo,43075,194240,1,0.333,0.0516,0.544,0.00000115,0.132,-4.998,0.0449,66.712,4,0.68,night
真赤,woman’s,My Hair is Bad,42662,204866,1,0.496,0.00744,0.972,0,0.0895,-3.249,0.123,97.547,4,0.35,night
